order_id,payment_sequential,payment_type,payment_installments,payment_value
002d30116d2477aaf5a9bef0a6b96e79,1,debit_card,2,1049.73
007f143d0049bafe467aad68b6deebcd,1,voucher,1,306.8
0106465d8488ba78f58b7b5b71d1e941,1,credit_card,4,271.83
01415cc00eafe78f47c347369da09118,1,credit_card,5,333.98
01804fc761d36571f0668749e7a8d7ac,1,credit_card,3,668.14
0192fb0c60afa4c4c7cd2db776dc3fb1,1,credit_card,4,532.28
01c7991ca04ed2db78c0352fb344a489,1,voucher,1,1358.45
0213166402a2f4676482ab9d627c9dc4,1,debit_card,6,292.61
022b26ddf01b1f1e8163490679ed0f44,1,credit_card,6,283.5
022b26ddf01b1f1e8163490679ed0f44,2,credit_card,6,274.74
023d1465e2cd167239c5e695922a6ec4,1,credit_card,4,165.18
02b0c17ed7905527394f77c5e4263d3e,1,credit_card,1,1280.89
02c07b5fb4d72ee64fb42bd932465722,1,credit_card,3,696.92
02d114dcf5b881ff67aafb63f319f55d,1,credit_card,6,963.56
02ebcb818ea89cf2e28814523ea34f3f,1,credit_card,2,62.05
02ebcb818ea89cf2e28814523ea34f3f,2,credit_card,2,58.03
034fc8c0c7d6cd4e2f3f5b4b925c9779,1,credit_card,4,486.96
035aac76750c3b7eae603d3f1244fc16,1,credit_card,3,908.0
035f8b0f79123abb4e3b90d8fec94c84,1,boleto,6,456.28
03847041912295e3b5b3fd6324126248,1,boleto,4,423.31
03cf8371524f8e9ebf49f6b91b95da44,1,credit_card,1,198.24
03dcd5fb51b3efce4872e30733456b1a,1,credit_card,2,643.55
03e5330250cec5f1e355be36888b33c3,1,credit_card,1,884.18
0410fb7bbbce2093b604200da305c358,1,boleto,5,90.0
0421cf858afacf50ae107206018870bb,1,boleto,1,521.93
0442d0c2ee7a7d8cfa4dbc162429b621,1,voucher,1,948.42
045899ee38c30879a63dc92fcbf1a705,1,credit_card,3,368.21
04d53e54ade97893d8d3a6f3f6b59dff,1,credit_card,4,786.64
0549604c3677b9ae6215f39abf868e19,1,credit_card,3,43.49
054a629bb4b4c1801a5641fd19c55f2e,1,credit_card,5,371.16
054a629bb4b4c1801a5641fd19c55f2e,2,credit_card,5,371.75
0595b68dacd318a7facb0ac575539c85,1,debit_card,6,951.9
05e83ac579d230464e299d2b521b7dd8,1,credit_card,1,126.22
06255e3a3b72209415a13f95888793db,1,credit_card,5,625.73
07192799c5a142c1f22dbdb510446e64,1,credit_card,4,479.37
07192799c5a142c1f22dbdb510446e64,2,credit_card,4,473.37
0779dcdf357c7bcdae15aac7e5a89ab8,1,credit_card,5,193.93
0779dcdf357c7bcdae15aac7e5a89ab8,2,credit_card,5,187.06
07d4d0f85838e929394b0ec033fe10e3,1,credit_card,5,655.77
07e2984498f654187f936e5916fb9ff3,1,credit_card,6,89.29
085c682a56552ed4c9742d38ef0cdddb,1,credit_card,4,698.22
085e4f021a064ecb33d21e7c97d217e9,1,credit_card,4,386.03
0873b74df5fd96b7b9a7226d6ac53f07,1,voucher,5,478.63
089fc34ff48513c9be6623d11021b313,1,credit_card,2,774.38
08a00b2da96555549c0b7acf0804f872,1,boleto,6,673.99
08a00b2da96555549c0b7acf0804f872,2,credit_card,6,672.19
08b0dec3a0f0e4dfd6a286e4e9ddcd07,1,credit_card,2,469.81
0952d42aa5c9f2d9c3900b73017a1e5b,1,voucher,2,1024.64
095fca2d34868dfa629a2ec9a51e829c,1,boleto,5,310.9
099691b0b6ff993819aea4fe762f1b02,1,credit_card,6,284.7
09a47e4e03cfc92906d9c5b0b365da8f,1,credit_card,6,771.31
0a1187c4bd758115c03d15d26890510f,1,credit_card,4,410.14
0b7dadd60d9e1f38cfe757565a1b6017,1,credit_card,3,662.14
0ba149936c5e59ab9d9816a1004f932d,1,boleto,1,1020.95
0c5b241666a0a940567364dd53b05db2,1,boleto,5,581.1
0c66e0eb3e19fbbff95397bd4079f0f7,1,boleto,5,670.72
0d3476f90d59836efef6811ed3b0634a,1,credit_card,2,57.95
0d8986b03899a4cf2e4d58921da6d818,1,credit_card,3,966.07
0dbe51bdcb7e47f525e6cf932f6bcb95,1,credit_card,2,49.8
0dc6ddba7a8cf9b1c6538fe890738517,1,credit_card,2,1289.56
0dd1e422df92dfa4f6364b662adf45bd,1,credit_card,5,343.21
0dfa027dcb428df0f388c6c4e59b1c88,1,credit_card,5,884.69
0e388ab0414416e5ad3a183458390e85,1,credit_card,2,714.94
0e48641b601f7fa38de64ff0a82f0266,1,boleto,3,1248.63
0e6079dd2d80a78b7988435686af748f,1,boleto,3,757.77
0f1e90a0185b00547ae3a21f2e7ec7aa,1,credit_card,6,1128.54
0f65afe05d2b1c06054b90f6e3b2220f,1,credit_card,6,237.19
0fc4f726d810054a534959af4741b55b,1,credit_card,5,701.51
0fd808f3b45e92a93eba61c68a8c22a8,1,credit_card,3,256.47
104961d78c59d05b862b9d39ceb0ba25,1,debit_card,3,941.85
1085fe6e12572d82cd278a85a4f996a4,1,credit_card,2,408.65
10a2f71a56a1a72efce3216a10839293,1,credit_card,5,517.64
10bbd4925cda0791a2c879b7bfd93217,1,credit_card,4,770.4
10cd548f9363243ccf5db6a5c73e4cc5,1,credit_card,4,724.42
11be60068bade9de358b5e9197143e86,1,credit_card,5,605.56
11e5a8548cf4f34d0553605f949bd620,1,credit_card,1,757.83
11fb66b45ae7a3078d38ea5e316e874e,1,credit_card,1,751.96
120368641b804c60819e4c83654e069c,1,voucher,2,556.71
130971216370e7fe39dc1fb21770eb9d,1,credit_card,3,823.72
131cb3aef60782e1c770d6512745aeb7,1,credit_card,3,293.32
133bb5dff0708ee9a9c6c78b6c3ece59,1,credit_card,5,393.3
13bf42af1d02c731a07f3a0086561566,1,credit_card,6,380.37
13c97be3d7287ffd30842cccd54ac673,1,credit_card,2,763.88
1463153fcd81bf6a5d59560eee33b296,1,credit_card,6,268.89
1546df1300b1a791f5fcf0fbbff33d7a,1,credit_card,4,411.22
157e863e753e08d9666e8dd416e0a6dc,1,credit_card,2,621.8
157e863e753e08d9666e8dd416e0a6dc,2,credit_card,2,622.04
16c90c76a5f09b4e97ae0f9db7ae5fe6,1,debit_card,6,678.91
16dc4a1296ca5490c37096e005cd372c,1,credit_card,6,528.92
17c5e0278d5044ee42f426c08bd1d3aa,1,credit_card,1,446.01
18227b52b3c9f0cde6e6e373f2856cc3,1,debit_card,5,776.24
1865720824efd51f57d8de5589bc2635,1,credit_card,5,880.08
186e0fa02426b2b957cafb5ebcc4ff56,1,credit_card,4,415.64
18dad6e0b3490ca8f5e8a7c9d8307310,1,boleto,5,245.3
18f25ca0bf9f0e4fa23f2175871a3001,1,debit_card,1,299.17
18f25ca0bf9f0e4fa23f2175871a3001,2,voucher,1,300.94
1929022474c50355bf0f067164ec9cc1,1,boleto,5,171.21
19409f088166c219ad02a368d372cea7,1,credit_card,2,984.72
19c215de66acce104adbb911fb4505ab,1,credit_card,5,295.82
19cf73003808de4ef80dfe836c8e7b20,1,credit_card,6,486.08
19e57438c824688c7530bf5550327178,1,credit_card,1,855.89
19f8407e108b6d127ab0d0368576ba41,1,boleto,1,200.91
1a3a69e538014ddc2646ded5c7f55fe7,1,credit_card,2,559.21
1aaf5ad3cc12ca9fe02b85b60de0e851,1,credit_card,5,310.9
1aaf5ad3cc12ca9fe02b85b60de0e851,2,credit_card,5,313.72
1b0b1f1464b11980954b4e3bc88a5b3f,1,debit_card,1,964.93
1b162fd20215509c9f6bc1db5bb2c808,1,credit_card,4,274.51
1b162fd20215509c9f6bc1db5bb2c808,2,credit_card,4,270.02
1b45faf2fc3daed95da79f96a23973b1,1,credit_card,3,637.28
1b57c5bf4cd8f5baf9018fc11b733d17,1,voucher,3,1076.53
1b93585270246209a1b14f9c6f68a698,1,credit_card,4,490.51
1ba67e0d279c5e0450f239cd204ec087,1,credit_card,3,774.75
1bf28546f0d8505bbc5d4b9a3ae07700,1,credit_card,1,906.38
1c86c498676efa27fe8470b7aff104d2,1,credit_card,5,514.71
1ca01a73aa129d3c84fba2727715af3d,1,credit_card,5,1242.63
1cc6d8b5942f95a171e7d25dc95024be,1,credit_card,4,1041.38
1d19840d4907254853bed399c174b92e,1,credit_card,3,741.32
1d517a372de39064a7757c312a5303d5,1,credit_card,5,811.09
1d816897041539a62df6026bc88540de,1,credit_card,1,935.56
1dd7982cee8ff40c0c53c60b6b9eb374,1,boleto,5,268.54
1ddafd13d261545026219647af259707,1,credit_card,4,378.59
1e0dc5cc35cf5576543f22e8c7165629,1,debit_card,6,499.25
1e32989d9d050acf9f766f0a6034f0d5,1,credit_card,5,301.65
1e44f36896c7dd2ccc45bb9858977e9f,1,credit_card,2,433.36
1e61898c9800362244d254632bb2e155,1,credit_card,1,381.27
1e61c1b1732b94d02ea0f8c1128d427b,1,voucher,1,321.64
1e864416ca0da4e45f7fd0d616a6ff57,1,credit_card,5,97.3
1f8e6bf3b7f6145f1987da2b92d9dea6,1,credit_card,6,878.02
20199c2e751a5bc106c495136d0b57da,1,credit_card,6,761.12
202d338a3a6c59b200c3dee64072025b,1,boleto,4,531.9
20b99e54439b714fa50d93a7d186f925,1,boleto,6,74.94
20b99e54439b714fa50d93a7d186f925,2,credit_card,6,79.94
2119c8df8e260df75608f67db2291283,1,credit_card,2,990.8
2124f1b97f1bc9e4371a95380b3705b5,1,credit_card,6,371.06
21ae105216ece324b02eee6f713c023d,1,credit_card,4,401.64
21ae105216ece324b02eee6f713c023d,2,credit_card,4,394.35
21c4f4b4402371beafe16778c52d27f6,1,boleto,4,477.99
21dbd5f335896725533ac846a1eb50a8,1,credit_card,1,478.39
21ea8327bfc452709d827d1a296ea52b,1,boleto,2,360.44
2279fde9b74861cfb7d738e01c05a9f8,1,credit_card,3,668.94
22ca0232e45b7df215904ed2de016081,1,credit_card,3,221.06
22ca0232e45b7df215904ed2de016081,2,voucher,3,228.03
22de4fbf6b248df5792523e3f5f7aa73,1,credit_card,3,204.94
22de4fbf6b248df5792523e3f5f7aa73,2,credit_card,3,200.33
233608bb08067ec9f5a5486e479f6865,1,credit_card,1,171.19
233ac029e46cdedf6f43e652586c9183,1,boleto,6,408.1
23580e8f0af537d360a72c1569a5b9e5,1,voucher,1,354.41
238c7421df7d3c35c09da0c30b96e581,1,credit_card,6,491.4
2405d701789c9816103b3243cfb034a6,1,credit_card,2,1250.04
241498c1bfe9dd1d7d69f4b12b180e60,1,credit_card,1,728.42
24e7cea3755f1fcc90316eca5f14cdb6,1,credit_card,5,993.31
2536911dc3adcc44a2062b43ca83335f,1,credit_card,4,744.89
2574020dd8df626d8cac3a9c6806550d,1,voucher,2,202.93
2574020dd8df626d8cac3a9c6806550d,2,debit_card,2,209.31
259aa0742d047c69f17978894a459961,1,credit_card,3,189.75
259aa0742d047c69f17978894a459961,2,credit_card,3,197.03
25bded60e35fface2dbb9d94d830eb9c,1,boleto,2,910.53
25c8ea6716974d9d2229c4a4fcb6b88d,1,credit_card,4,1191.53
26346198322659dab01f11e6f3dc3854,1,debit_card,3,702.49
265d97737a1c86269626de7305318d74,1,credit_card,3,1048.24
2683d59ed73c876424fc4134ec8c65dc,1,credit_card,4,648.88
2689ae4cb2847a6ffca81b5491436138,1,credit_card,1,561.99
26a03798bc6dd0cfabe94cf2c1a7e14f,1,credit_card,4,271.17
26a03798bc6dd0cfabe94cf2c1a7e14f,2,credit_card,4,273.56
27215c3a49f399e4395b66a510702d02,1,credit_card,5,768.67
272448ea902e9a7251ab2457cf34fd25,1,credit_card,2,1234.73
276030f78d71b6a33a5dcfb7563add7a,1,credit_card,1,38.62
27861befecbbaef9df671180a8ea2aa3,1,credit_card,5,339.47
2818c8363a2d860eb02e5ec389911692,1,credit_card,4,924.96
283a1a7bcd576e22faaa546b3045c552,1,credit_card,6,522.31
2867748c03dbd72cf9d65f53692da4c8,1,boleto,4,508.0
2968ed35ba919e735eba25af3b368171,1,credit_card,6,320.38
2968ed35ba919e735eba25af3b368171,2,credit_card,6,328.8
2978c7996312658cd422c48486b37740,1,voucher,4,891.07
298cbfcd0a6d191d4181b5ffbc895b6d,1,credit_card,6,151.54
2a4337acebe16a47d6dc1a3b7d87c061,1,credit_card,4,788.9
2a4e7b8f04b2b184c8ea3cf8cdbb1261,1,boleto,6,438.81
2b0f02845e274aa337dc3cb12a94d627,1,credit_card,2,747.7
2ba85dab7ddc1a7b8e196abe4073596c,1,credit_card,4,353.42
2bc7351eac64d743fe1a0554f65d5fec,1,credit_card,5,175.88
2bc7351eac64d743fe1a0554f65d5fec,2,boleto,5,173.42
2c330ae9a9cd91cdc09a1dd7bf9ada87,1,boleto,3,347.81
2c68e8769a230434546c8bf467103752,1,credit_card,1,296.41
2c68e8769a230434546c8bf467103752,2,credit_card,1,299.61
2cbd76df7e69dbe15d690e8d2f05009c,1,debit_card,2,747.3
2cd3a2c30cbdbb08923e0b033caa8c34,1,credit_card,2,92.55
2d25817c7e16a2adede8d36783a03d38,1,voucher,1,909.32
2d626085b8a1dcc1e0cc6e99f1373745,1,credit_card,3,314.96
2d7a2ef1cf2f6afc5f2041dde7a6be19,1,boleto,3,809.43
2de8efaec2dc7e354ae9a5e726996402,1,credit_card,4,521.63
2de93c1d58cc7bca3a0b1390f8df4a51,1,credit_card,1,537.76
2e28ede680fe932fc4ee44205107f1de,1,credit_card,3,478.1
2e54d68021693d2026f981f4a4d08d7e,1,credit_card,4,1082.07
2e5aaad2ebec133368584f6ea8965874,1,credit_card,1,189.07
2e69da9e5f12613736fd45a8e41ebe67,1,credit_card,2,1002.47
2e6bfd2420690cb4dfea23f17d6e4f59,1,credit_card,5,661.35
2ecb062b6a21067fc867bb78195946f9,1,boleto,4,675.37
2ecc356ad60f5f9ddab67e3c9f9e447e,1,credit_card,1,570.92
2ed9d15d57688b550089bd9d486a5dc8,1,credit_card,3,380.41
2f2be652a48576c3deec4bf4227fd4d0,1,boleto,4,219.48
2fa3ee2eb2df45466ac96a6ae68b0cb3,1,credit_card,4,592.01
2ff97fd7d497da9a50f1887423dc446b,1,credit_card,1,498.77
301f17e101a012331faa703595d409ad,1,credit_card,3,1170.65
302a6b2f237d9543e609433d2ca590cc,1,credit_card,4,687.32
306093a3393920a3872af8984f8c676b,1,credit_card,2,220.84
306093a3393920a3872af8984f8c676b,2,boleto,2,218.76
30971835bf2d7a7546777358171e61e3,1,credit_card,3,472.01
309e261d0e66215eba647ef5c571f460,1,credit_card,5,193.67
315e4e327e876e0d344904615587fd79,1,credit_card,5,651.96
31ac048db2d1d1dc54aeb8d88f40c158,1,credit_card,4,551.33
31e0ba91722780879f60d579cbad7499,1,credit_card,4,576.13
31eab903fb18dbfdae67b7a20e1d4883,1,credit_card,6,898.88
327719c2aa0fbf8785defaeb411c53fa,1,voucher,3,370.95
32cc612bfba72ef68570aeee570e3c30,1,credit_card,6,386.63
32cc612bfba72ef68570aeee570e3c30,2,credit_card,6,386.22
32e96db36c0e462cb05b681875fafdd4,1,credit_card,4,519.41
32fbe7a5e3f05316cdce84556500baf0,1,credit_card,4,685.69
330951116187da5929fa3e21a7f718db,1,credit_card,4,610.08
338383f2c2a96046c470564f34951172,1,boleto,4,876.24
342e434c1735cc8649f2dc53d280b28b,1,credit_card,4,1017.33
348a157d4501f6de22d5562efd546b2a,1,credit_card,6,900.08
354dc09f4ec468be9fa0b6edf2277177,1,credit_card,2,849.7
35a31c73562cb7355622acf48186d945,1,debit_card,2,177.54
35cf880cf8db5317607697e847ccf8d3,1,credit_card,1,472.24
3653f335b547d0de1c477a2c0f40d5b9,1,credit_card,1,677.41
365bedfe3a334225ce10b31c4a24acab,1,boleto,5,545.38
36c7d1b991f3ddf2224204a2de9b570c,1,credit_card,3,722.56
36dfe28747dc7b39c1c1bd8e58a8fda1,1,credit_card,1,310.09
36ed6551d607c80cc5287efb966f6994,1,debit_card,6,684.45
36f4b14a80015aa45454da5c8d60d26b,1,credit_card,5,150.07
375c3544f94ec8b4092ec15ef83e5300,1,credit_card,2,1084.45
376af0c170aa54570aa0dda3c1f2b002,1,boleto,4,141.59
377d1f08be3de8b59e75e24155ffbd23,1,credit_card,2,420.74
37af06b803bf647dda29312c485fa4dc,1,credit_card,2,1002.48
3820d212aa4e6feb083f47e088895402,1,credit_card,2,393.14
38bea5314ee9817415c0668d3606f6f2,1,credit_card,2,69.61
39188f52bb17bcf0f76a6a590e81a4c9,1,boleto,3,783.37
396ba8cc2ba6818bab7064e074160b0b,1,credit_card,3,927.05
398e37129e1b5a82eff707479618769f,1,credit_card,2,396.62
3a73ca9d873b97c1ba29049a8c236f11,1,credit_card,5,889.06
3a7ef5adb77cdceea976b6c6749b6d3c,1,credit_card,1,262.76
3abc69d9a0f548c378df6987b0176a01,1,credit_card,5,588.42
3affc4f043d7d99ef28fac1c163a62d8,1,credit_card,6,949.39
3b6162ca7c51be4abfd123680bc456ac,1,debit_card,5,529.73
3baeb0cde1b2fa8160632386fa11c0ce,1,credit_card,1,320.95
3c23c66bd482870e90d4609667d26afb,1,credit_card,6,319.31
3c4c5c48b3683b5540dfbe5f57a46f0c,1,boleto,5,32.96
3c4c5c48b3683b5540dfbe5f57a46f0c,2,credit_card,5,29.1
3c5384a9167e514e63b50210c1e3158a,1,credit_card,3,520.64
3cb2470210a34da967d89e8ec73e9d99,1,boleto,1,838.73
3d04e140c9c82c036ccb08e86fab0782,1,credit_card,1,566.29
3d2dac464910ba3a6ec9fbca32dfb9a1,1,credit_card,6,335.45
3d4a53941a0558824e737477b8bfa6ad,1,credit_card,6,898.14
3d683d7babd0ce2d45f7e0d4dd8e7cdb,1,credit_card,1,416.23
3df97e4d951fdc372a157bf48e24d49d,1,credit_card,4,755.36
3e002cf5965c8775d0b63a146c1f29f4,1,credit_card,3,360.68
3e002cf5965c8775d0b63a146c1f29f4,2,credit_card,3,360.15
3ec93b05a0e8b411469b3b6c33bae27b,1,credit_card,5,40.71
3ed4b8cc83af7b31330442d50de0535a,1,boleto,1,525.76
3f2a06a1a901c44313226fc2b4d64248,1,boleto,2,664.16
3fb50b677d87d28c3e68a51aec2e2266,1,credit_card,4,490.84
3ff70aa1a06cafe4a4078d2986b1a6ec,1,credit_card,1,169.55
3ff92709e81255d48d5502ed86d1c1dc,1,boleto,3,1063.08
406eb95c223724bfe61213d5dc756805,1,credit_card,3,273.0
407f69e6a984410a61fe77c7fc379433,1,debit_card,5,293.91
40d8f6f7927d0f4780620cbd60a4ad5d,1,credit_card,6,463.55
4133c48c001324ef7f479f6f66873196,1,credit_card,2,264.09
4133c48c001324ef7f479f6f66873196,2,credit_card,2,260.68
41455b88a66de9e4f78239369f58977f,1,credit_card,2,347.84
41d741e0eca69ba3b6186f8619d65b8a,1,voucher,5,590.8
4217494974c18b2a431521f6ca246298,1,debit_card,2,352.54
421b98ae7be9675fe1a68afe1c447b09,1,credit_card,2,216.97
4244ea361d0366b3726b2e209c3e6293,1,boleto,1,461.42
434f5b14b5ff4f8108514bce178763fc,1,credit_card,3,350.57
43a5f984ae0e83f040f9b3209f9c040e,1,credit_card,5,712.22
44202f2145ead3a36012632d01c2920c,1,credit_card,2,561.96
4426a8b6998c38c40c26f302d401bfd3,1,credit_card,3,121.41
447ada3a8109c4bfd73148104a9ac04e,1,debit_card,1,731.88
447ead41f79db2ae43cdf16eb39e395a,1,credit_card,2,201.84
44f9a6301af0b9c39506d3b9129f6428,1,boleto,4,552.87
44f9a6301af0b9c39506d3b9129f6428,2,credit_card,4,554.34
45098763c49b36ba41b2c81138220c13,1,boleto,3,416.67
452d8f61ec27f06c9a5138d057168af6,1,credit_card,5,647.73
453901542ed8754ec877ac1a6fb9c62a,1,boleto,1,42.73
453901542ed8754ec877ac1a6fb9c62a,2,credit_card,1,39.41
4572c8f2542b0a8eab2a80640cd46547,1,credit_card,2,350.7
4595153f55c5aeb7874f1af6ee651b19,1,credit_card,6,264.94
46032696ded6b7053ed491bbd57aac50,1,credit_card,6,131.97
46893dc0c52d2c68a415b05d5413c73e,1,credit_card,5,204.64
46cffa0a5f7ccb61f319294cb2f38bdc,1,credit_card,5,530.62
46fa06df093bfd36b27863abe6bdc939,1,boleto,5,298.99
47138c8636a65e3d7b63f9d2dbe21e52,1,credit_card,4,52.53
47138c8636a65e3d7b63f9d2dbe21e52,2,credit_card,4,49.77
472d1d46d5bc56a74d3b08c48f30f87e,1,credit_card,2,78.12
4743a17083542ece54fc86035316d414,1,credit_card,4,387.77
4769ad44c7e5e042be24001b4b5f6185,1,credit_card,5,652.85
47a9ccc11da81e83700c7672d018678b,1,credit_card,5,544.77
47aa8de2a20c9e73c68a28757b556568,1,credit_card,4,788.77
47c54434859d774d0c36670d0d654731,1,credit_card,4,527.79
47e47cb457c062987e828c2c26bbc470,1,debit_card,2,985.4
47f24124c265d231658627527203a707,1,credit_card,5,537.9
47f795feafa48599c22013be692c1169,1,credit_card,6,524.31
4899c55fddc0ecdde0d7a024d0ba9435,1,credit_card,5,533.93
48a7b72dd72531af9546e26d67e2aa60,1,credit_card,3,69.59
48b4a268984a01a8003e81dd73c86b15,1,credit_card,3,531.77
48d62a10533b54f4cfcda951ae55c370,1,boleto,1,212.02
48d62a10533b54f4cfcda951ae55c370,2,boleto,1,208.5
48e655d24dc6eab61b7deb2c118d10f0,1,boleto,2,667.94
490d2848c0e93a07a8397db15f32fce0,1,boleto,5,493.07
49b243f9a680fe5eac6bc350db4281d8,1,credit_card,2,1023.53
49d3965cb1571030a2568afc899fd442,1,credit_card,4,234.92
4af0585e7f264590c938464dab47f847,1,credit_card,5,166.05
4b2551788200353b2f2f776602875b81,1,credit_card,2,232.69
4b2f8e57030231b2a18d049f6a5f2d63,1,credit_card,2,338.2
4b4bf08ecee1c4bd9b96ccf263b9e5f2,1,credit_card,3,229.27
4b4bf08ecee1c4bd9b96ccf263b9e5f2,2,credit_card,3,235.57
4b678c26945fac994a856d699efb6326,1,credit_card,5,744.15
4bbbded5473c4e289c24d79f82c5b0a4,1,boleto,4,576.25
4bbc4bc40ee73bc3d7d98b4c11e217fd,1,credit_card,1,1093.62
4bcd3cc741d55ee24ca54b109aa19c59,1,credit_card,5,871.52
4bedb82464357d95c9ce558d8ba7c4c7,1,credit_card,2,580.11
4bfb51cbf70b1e1a896fed635e83594a,1,credit_card,3,587.22
4c0ceba7b88f9eae2f1eb72ae0c4c112,1,credit_card,1,270.8
4c5650cb30ce6b1badddf5de3d03e480,1,credit_card,2,899.81
4c9604864bb9567aad3a8a2736c526f5,1,credit_card,2,295.93
4d03cdf2d9462cbcc32f93226f3e3347,1,debit_card,4,719.04
4d203814b644b64078ccc9639a8a87d4,1,voucher,6,74.81
4d203814b644b64078ccc9639a8a87d4,2,credit_card,6,67.74
4d214c78951d00537613bc80b8f13111,1,credit_card,4,1265.01
4d9f5cbd8ca9f609347e07dc1146a6d4,1,credit_card,1,893.27
4dc72932a51e717db0f2fd5810191f8e,1,credit_card,2,288.79
4e8184d61f206381c08b36a816555f8a,1,credit_card,1,962.12
4f15d45b1e2995309c33ae3af4a5b006,1,credit_card,5,379.74
4f26c01e66757f7fe9bb16b56c4f7990,1,debit_card,2,735.25
4f322a4e4a317eab01036e9f16c426fc,1,credit_card,4,71.43
4f36378574ba5a511a8f4c96e3927773,1,boleto,2,639.69
4f7cb63cdabec239605f18e494ca9c44,1,boleto,4,729.68
4fbe3677b70066fc60f6b2fd1fca29ed,1,credit_card,1,53.75
4fd9e98956e66454eeb441e96e9c3bd4,1,boleto,3,973.66
4fe6d962273c32ca4231ae2600d96eb9,1,credit_card,5,249.45
50280c417bd74d03634b92a1e5525abb,1,credit_card,5,431.23
50a3660ca3d751bc059cea56b19e560e,1,boleto,3,911.02
50ba037a3d57aa225b38039378756fdc,1,credit_card,4,145.66
50bbf90372a13598431ca94116193e32,1,credit_card,6,217.99
50d041747ca5278bb1c754c934e35783,1,credit_card,2,771.43
50e5bda67607112b16d9cf5c93b3a58b,1,credit_card,3,541.55
5154bf4920108cb38d132d8d41c0a077,1,credit_card,1,376.51
51710c61d7c1be07748f56867c67b92d,1,credit_card,6,563.36
517b4fcb7a45c76863a2fcd7a0a813f8,1,credit_card,5,499.93
518311002d2b27aa55ceff7e67433b3c,1,credit_card,4,603.84
51c06d5599f06869dbb222406b9ddd7d,1,credit_card,4,428.3
51f1035770d7cfa0d6e64351d4d3d5c5,1,credit_card,3,647.61
52185ec094ec12ff5cdf17c28f138f1e,1,voucher,1,1113.42
535ad5b7da32548dc1fb1713386eda11,1,credit_card,5,880.23
535be18177c29c7152dacc7362c6bfc6,1,credit_card,2,473.07
537d7a532959b888c582729f3bbea2e0,1,credit_card,5,362.01
54b76057a8405199e60728e36f91e8a8,1,credit_card,3,158.24
54b76057a8405199e60728e36f91e8a8,2,credit_card,3,159.29
54b8384dcd37fc3eaa5fd5660fd1fa27,1,credit_card,4,172.43
54d7e69a226581c24f38c50f461e434d,1,credit_card,1,831.81
55a0fe01484262b06f230b80eaaea37c,1,credit_card,6,952.41
55e6ecb348222016e67620dab8697320,1,voucher,3,849.77
565292e599b44c7ec6378bd56488ef69,1,credit_card,2,905.37
573c09ca0dbc5583443fca63fed26fae,1,credit_card,5,965.48
57b6494715ab47450a4c3790bab95395,1,credit_card,2,729.93
585b0722af3b891be2512d46360e9520,1,debit_card,1,800.58
5881a46fa74af493165e2dbe64df0a3a,1,credit_card,6,350.16
5881a46fa74af493165e2dbe64df0a3a,2,debit_card,6,354.34
5889b122c3a9c5b53ac6c5256f28e346,1,credit_card,4,591.16
588e2aa5d129c9b6c448bf7a7c122108,1,credit_card,1,1463.69
58c595decf68f35fabd688c50fb18c03,1,credit_card,2,619.6
58fbd0279b9eddd48ae710594feccc37,1,credit_card,6,478.76
590e72bc0fc7724746fff852809da0b6,1,credit_card,3,621.38
59234c2e8d26f84a864e8335fac3a13a,1,credit_card,6,398.84
595f6bb333b203f4d880c60b97f90a1b,1,voucher,2,591.25
59900ba651dd3ea12d4b817306c38158,1,boleto,3,1426.49
5994e42ad1293e0f635ce5f5e989f22b,1,boleto,4,728.19
59ae5caaac5c880e5d26ba449363751f,1,boleto,6,873.65
5ad82d8f5fa3bcfbc28c6f1cafc24a52,1,boleto,1,790.0
5b0d065b70bf99f71aa2b33b9b252263,1,credit_card,3,547.72
5c020e80609f70fb1307a6a8c5a5f991,1,credit_card,4,822.54
5c39b68ca8a45902c33585d2836389e1,1,voucher,6,201.81
5c4f32951fae9e80caac30883f47790f,1,credit_card,1,569.8
5c6a3bd930e5172b1457f87a26ee54f9,1,boleto,6,535.1
5c85ce6cf783cea1fc34499c9a6d7264,1,credit_card,6,709.09
5cac146199470d65de685d55ca67c659,1,boleto,5,620.65
5d4c62cd89644c53db2ecfe6ba58bb6c,1,credit_card,6,821.96
5e297ce3d3b57778753c63c14993d8fa,1,credit_card,3,640.39
5ec202f8771505a1f5f05513e8014322,1,credit_card,3,392.5
5f2754cc6324a640deb66b5473a901ea,1,credit_card,3,379.91
5f3cfd843de75147617aeb722fed09ab,1,credit_card,1,547.02
5f6891c8e9c4c90db7fdde09b2a0a04e,1,credit_card,5,561.64
5f7f1a7b42fda6279f431f23c5d76040,1,credit_card,3,823.78
5fc47b4705b1df0583c3d6e99428fb26,1,credit_card,2,307.24
5ffe6ea3db9bb64782f601991db2de47,1,credit_card,6,625.03
6012c2ddeb88464f83c6790c2f86bab6,1,credit_card,5,381.05
602120da6baa3291be5a13498bfd59d1,1,credit_card,6,133.51
602120da6baa3291be5a13498bfd59d1,2,credit_card,6,136.21
605c187e36833238c825e6869ef05548,1,debit_card,5,402.56
606bcecf39b2353884f023f642b012b7,1,debit_card,4,80.06
606bcecf39b2353884f023f642b012b7,2,credit_card,4,87.86
60a6a1556634b7a00d54f82a0d9ae694,1,boleto,1,45.29
60bdba8c801a3ff841c6eed9d2b9e9b4,1,credit_card,5,786.14
611b8be097d747da912ec966b355883f,1,voucher,5,459.65
611b8be097d747da912ec966b355883f,2,credit_card,5,455.05
614218853083bea8ba3d39a1f7360b94,1,credit_card,2,94.83
614218853083bea8ba3d39a1f7360b94,2,credit_card,2,95.22
61aa8a4796ac6eb0526f90a1bbb02b7e,1,credit_card,3,715.6
61e4f2c065ce611d6b41ba01b3b17d55,1,debit_card,2,847.45
61f40aecd75eb3195d63e9e5bfb2f2d6,1,credit_card,2,715.44
6211c64b5592fa44dc1b738870a33ac8,1,boleto,4,443.21
62690617e92e6fefa2e9f83cbd68b72e,1,credit_card,2,390.55
62d63404e163ef2d32d8235045c1ea44,1,boleto,6,310.34
62d63404e163ef2d32d8235045c1ea44,2,credit_card,6,311.14
63868bb1d569faa6fc82780fb20a8af4,1,boleto,1,549.31
639cb43eb0bdbd8b7254a6b09f3709fe,1,credit_card,4,441.39
63dedd2f71d5a6530c3ff543158b0812,1,credit_card,5,463.96
64054599625327911b0b5b186688f532,1,credit_card,4,287.06
640dfc9b89eadf5d42af6d8dca7f1ccf,1,credit_card,5,588.88
643781e3fe3eaa105d8cf52e364a3112,1,credit_card,4,666.17
64380fced1383c1f60e40fbe29b1cbad,1,credit_card,5,337.86
645f64ced19e563da711d815ba2f19fc,1,credit_card,4,373.73
6492db8a4907ea109842893641868f7c,1,debit_card,1,183.59
6492db8a4907ea109842893641868f7c,2,credit_card,1,189.48
65148a45fc34afd5bbf6ba08ce030659,1,credit_card,3,507.03
65db6166e31e52c22534abd9c9b96f78,1,debit_card,6,71.14
66002a44de78882378ef2c327af504aa,1,credit_card,2,300.24
6619506d42f674be5e2ca2cf1c6c86c4,1,boleto,2,242.91
664525c741257ce78b48e698f9f01fb5,1,boleto,5,834.37
6687ade467a638cf1ae1589007e2d085,1,credit_card,4,678.42
67094edf69d2c3701a8007e4063330c5,1,credit_card,3,516.11
671b9661ad5a6143d53a83e8d99d3e2f,1,credit_card,6,166.32
674d26e03c1805307aa1716570241357,1,credit_card,6,829.74
6828393a5a3c082f27f16593c9b3f27a,1,credit_card,4,1256.83
697ab595cf05e214b6863e9e46a154cb,1,credit_card,5,473.44
6a09a397790a29512d6b4785f4b99e34,1,credit_card,3,128.76
6a410b3255fb81aec00b1d31290d71be,1,boleto,2,462.19
6a5a2686880963022f036d4d9833c4a3,1,boleto,5,269.31
6a5a2686880963022f036d4d9833c4a3,2,credit_card,5,263.16
6a7f4b455a7ffa3dbf0e5fefca2e78bc,1,credit_card,2,204.62
6aa67ee7fc8575c8027ea24c90749ade,1,credit_card,5,279.95
6ab79d6cfdacd188db09f3d9149d1703,1,credit_card,4,550.53
6b0ff4688b3ac8880231fc6e24780050,1,credit_card,1,963.77
6b1772920e780bb52f097b9bb2f0011c,1,boleto,6,86.38
6b1c84b365d77121619efddfefe25e7d,1,credit_card,6,555.3
6b427873665d606600be1a4081d99f0b,1,credit_card,4,980.18
6b4ec04844dfd0b279b9e1c954b6521b,1,credit_card,2,171.0
6b4ec04844dfd0b279b9e1c954b6521b,2,credit_card,2,172.79
6b57be4f0b467844f24df04871017c32,1,credit_card,6,792.47
6b6778c4c326f994d08bd66ad2fe92a2,1,boleto,4,45.0
6b7f3049095214a9449f47b89b66bb87,1,credit_card,2,445.34
6b7f3049095214a9449f47b89b66bb87,2,credit_card,2,443.3
6be7f11e202b1b8f550639a8fcf7b6d5,1,boleto,2,897.17
6bff254d602c923457e3a595e9217d59,1,credit_card,6,83.25
6c1312158321bf4353407f6a854b65b8,1,credit_card,4,68.5
6c1578e4318baca1f960fa4d54d25a83,1,boleto,2,450.29
6c46d47d2e0ecedaf8dddad88ed0403b,1,credit_card,4,592.79
6c6bd11d5370ccd617409e5311cd9da6,1,credit_card,4,548.89
6d31e16a8406d10ba03f33515291d63e,1,credit_card,1,567.79
6e07aa6edd1a4a5f62ffe4494a5eae05,1,voucher,4,464.46
6e0bfaab04be5a07a1ac9fba33a77591,1,boleto,6,206.71
6e674e3e1116348c42a35e0e9faa4935,1,credit_card,1,1036.36
6e9c8c2594fc74a6535d4e11c8de53e3,1,credit_card,1,1016.64
6ebd0fd638f093241dada3d360e94162,1,credit_card,5,151.32
6ef602548095997cbfc3dfd559a2b411,1,credit_card,4,702.23
6f30a32ec0a608dfcd04e13ace3ebbfa,1,credit_card,3,491.95
6f62ed011b36e79a7ec9305cbd8ccb8f,1,credit_card,2,152.77
7016f8f59ad6a36cd60f4aeb6b3b91b4,1,credit_card,2,329.9
7044c034668fda4caca0c3fc79be94d2,1,credit_card,6,107.22
7044c034668fda4caca0c3fc79be94d2,2,credit_card,6,109.87
7068a84eeb77234b297eb3623267e64e,1,credit_card,4,556.2
7068a84eeb77234b297eb3623267e64e,2,voucher,4,556.44
70b519a3caf6fdef7cccd1fc166bbd66,1,credit_card,1,444.04
70c937ed2f3442b9c796f2033064bcb0,1,boleto,4,766.97
710288170cf09d7de1273ffb80f2baf9,1,credit_card,6,131.64
710288170cf09d7de1273ffb80f2baf9,2,credit_card,6,134.78
714222468ce532697f032503d984cd02,1,credit_card,1,127.27
717066a4fd173dd6937f557699bbc3d5,1,credit_card,3,1093.14
725703d75cc7fc7b3743027dd8572095,1,voucher,4,580.01
72d833649e8c339f35be68852cde4d14,1,credit_card,4,560.74
730424f4780467f623feeb75c9cafbdf,1,credit_card,1,148.1
73e7455290e07c07e921597f608b5187,1,credit_card,1,362.64
73ee48aa8205697efa8c8d4310e92b17,1,credit_card,6,208.55
73ee48aa8205697efa8c8d4310e92b17,2,credit_card,6,204.52
73f1d84da51af4c83f5ef38a9a99c65f,1,credit_card,3,514.02
743955cc6e9793be0f582d630c57a242,1,credit_card,5,1031.38
7481e316f33debd1c251d033c4b2ec70,1,credit_card,5,630.51
74b5a987c91307c4fac34e2a357e2531,1,boleto,1,467.74
74b80419a21bdba05a265b70ef8ee98f,1,credit_card,3,480.05
755752a9938ec9fda68fef8a015c8915,1,voucher,6,419.16
755752a9938ec9fda68fef8a015c8915,2,credit_card,6,416.67
75606f511851691be7a1c81f11b2bd4c,1,credit_card,4,144.94
75dc35222f6f33d6f42ef30ecf7c4cb3,1,credit_card,4,26.27
75dc35222f6f33d6f42ef30ecf7c4cb3,2,credit_card,4,24.06
7615481c4178bbbe1814ede182b055a6,1,voucher,3,1070.7
766452dc780893cac93d43f69585cc50,1,boleto,4,997.38
76759b32f49779757fc095ae89be3e86,1,credit_card,3,437.41
770024bcfe7645ccad527811cc9c4459,1,voucher,6,700.12
772d3226b849476e9bcfbd824a2e1fd9,1,credit_card,5,864.32
773153cdec3d16cd2bf97d5cfcedade3,1,debit_card,6,153.72
773f6bb06eb0c080609284a1dac40e4a,1,boleto,1,105.87
775d5e137dbc39900455f84b6eed1639,1,credit_card,5,922.99
776781f6da84a2afd265f662d915399e,1,credit_card,1,150.31
7778bb381692ffd3b18e225f6709bed0,1,credit_card,4,621.92
77c6b60999e2d29a37d7e0c6d51ad6cc,1,boleto,4,732.42
780a023b77b830a929633db97c29d40d,1,credit_card,6,660.83
781cd1472d2a25d500590fba983d6787,1,credit_card,1,441.43
786ca7bcca3ee259f245c7c747521c85,1,credit_card,6,815.56
78ad23ec6501d6193d75017daa7639f6,1,credit_card,3,1065.87
792291a85ec94bd5ca5fb77d14124455,1,credit_card,3,354.14
793507c4ed194dae2c478debb0efb7e5,1,credit_card,1,1091.51
795d128373d18b5e1bcf5b3cb0b457ec,1,credit_card,1,172.13
795d128373d18b5e1bcf5b3cb0b457ec,2,credit_card,1,167.62
79955e5ab69a745ede89fb2de2efeca8,1,credit_card,2,239.98
79955e5ab69a745ede89fb2de2efeca8,2,credit_card,2,234.43
79ae7f8fddba663ec8c27a48acfc4b0f,1,credit_card,4,657.31
79f4e4e4d9f148c7841bab5799726b3b,1,boleto,5,383.02
79fbae63724acf252f784779cd39875b,1,boleto,1,346.91
7acf6ae43c6aa58d702b4aa4a5601ef7,1,credit_card,2,659.4
7c60b299ba6d6da477db5a0e23672b06,1,boleto,1,521.55
7ca7dedb6d76828b5a94ee15498898f7,1,credit_card,1,233.93
7cb95b0daf956b316a5c388e7e5be9d1,1,boleto,1,395.03
7cd348b9f83f5c073d115aa01bf7c408,1,credit_card,3,717.25
7cf6912d98d2cf492069d5d81e97916d,1,credit_card,4,84.88
7cf6912d98d2cf492069d5d81e97916d,2,credit_card,4,92.9
7d7d60635fdec7adda733296db5c7ff5,1,credit_card,3,305.29
7e2b827fa27ae87f767a8972752ff90f,1,credit_card,3,312.28
7e3363d407bf2c33e40d4e79a6f4a3f0,1,credit_card,5,353.24
7eb98cbb968b4fffd87430edf8a311df,1,credit_card,6,212.99
7eb98cbb968b4fffd87430edf8a311df,2,credit_card,6,217.95
7f10b19f2eae9f47135376de0c8ab55d,1,credit_card,6,283.69
7f10b19f2eae9f47135376de0c8ab55d,2,credit_card,6,287.39
7f1e1e2b3ed38710a31b16db64a6b89b,1,boleto,1,708.73
7f609c4e862c509809db3a0cad77dd97,1,credit_card,5,751.25
7fe358ed2a126c554d7a1da4d0d8f620,1,credit_card,3,78.99
80aa4c2ef2d60f9c8d4a0ca56b3de5be,1,credit_card,4,361.21
80aa4c2ef2d60f9c8d4a0ca56b3de5be,2,credit_card,4,364.56
80ba9562b044c67e3d282cde664417d4,1,boleto,3,377.18
80ba9562b044c67e3d282cde664417d4,2,credit_card,3,374.99
80c77797c39d2372bc7a1fcf1862c6fa,1,credit_card,5,700.35
813f7e7727340e4aabf19ed3c6e235e1,1,credit_card,4,222.72
813f7e7727340e4aabf19ed3c6e235e1,2,credit_card,4,222.89
82289b1cc961e993bf79e8c093de3bfb,1,credit_card,2,474.06
8234bac082a3f0eb879825757f645df3,1,boleto,2,27.73
82b91ff63cc72adbfa6b56e312ed9e06,1,credit_card,1,196.53
82f6756b4edad99c3eaa27dfab901b77,1,credit_card,1,434.44
83210e7b050ef78af406cbed6fa15f76,1,credit_card,4,379.7
83913f925725736de4bea1a09ccbac9d,1,credit_card,3,382.8
843d3360f87ace42e4b72c740672a28b,1,credit_card,1,322.04
846c6aaae17802e036bb6fc7d5f65490,1,voucher,1,168.81
846f6486a0fa362a5b852c69c69d3e27,1,credit_card,6,912.33
847ebd967a0601d646d964c9d0965ad4,1,debit_card,2,1124.94
8486e142400b75e98e23b345a86927fb,1,boleto,5,490.39
8486e142400b75e98e23b345a86927fb,2,credit_card,5,494.99
84901a9400aa95786359afd0d73e26fd,1,credit_card,3,362.98
849f80110567d65a759ec3ad59b4791f,1,credit_card,3,1018.94
84a4bc29435ad0a62d7fe02da5ca4acb,1,credit_card,6,405.38
84abfe3680e8f710c6a10600738a7b83,1,credit_card,6,504.78
84fe9ac6a15277a015ef3b22232d608b,1,credit_card,4,1005.12
85178bf1f5b30cada387b5190f4e6aee,1,credit_card,6,421.76
858df39da671bff431ce6e6581dd72e1,1,credit_card,6,568.69
85bc0cc93d17ff878723f6f82a89c311,1,credit_card,5,393.86
85dfa62830e5b407e2d54b2ec35c371c,1,boleto,1,839.2
86ac82ca7e6cf01727286934bada970b,1,boleto,4,177.72
86ca67e4ab6e8b9114cbdb9788190cea,1,credit_card,6,304.59
871048d8c4aa39673dcac938b8d83b69,1,credit_card,2,608.8
8726b502ebd8b5cc09986ab2b4cfbe14,1,credit_card,2,610.38
874bb89a35bd72d58ba8545d3cefcfe8,1,voucher,4,505.51
8808a8f6e8173656e75e973ec4c5bae7,1,credit_card,4,162.59
88383a5dca9449c106c5f5b68fe3b668,1,credit_card,6,686.6
885ea2b802376a34e78627902ea81509,1,credit_card,5,1152.99
887983eb2b868e244fc4ceab978ede5b,1,credit_card,1,466.25
88d76ffc259747f32e90e322d58e7431,1,credit_card,5,916.2
88fe4e9112cd9eff9666929ed837eae4,1,credit_card,5,369.48
894f85aeda789e1266635e627b263c73,1,credit_card,4,374.76
89609dc0f1f92d7ac41622a8ffba58ba,1,boleto,3,806.01
897edac3ddfc7ef1e822bae3c0711db4,1,credit_card,1,1220.01
899e71f0c05b331b8565f9422bb012e4,1,boleto,3,565.09
89b2c92dda149e41101dfb6931d62edd,1,credit_card,5,674.77
8a444fd4aa24cc0975e1a8af64991738,1,boleto,3,670.55
8a444fd4aa24cc0975e1a8af64991738,2,credit_card,3,665.66
8a76a0bf2317e1fe8fefca8787e83c1c,1,credit_card,1,337.83
8aae54e30b27bfe2398ef4de26787dc8,1,credit_card,3,306.83
8acdea977d86167097bfc3c1055d16c3,1,credit_card,2,87.99
8acdea977d86167097bfc3c1055d16c3,2,credit_card,2,86.6
8b0b3a16d28aabf049c9159725974838,1,credit_card,2,54.7
8b111f921db32a63a9af5c34abc7a4dd,1,credit_card,3,159.72
8b111f921db32a63a9af5c34abc7a4dd,2,boleto,3,162.03
8b155d2f298b39d756e4318ecfc856c3,1,credit_card,1,394.51
8b5f16b24dea7cf41a33108c16c7a9a5,1,boleto,2,96.4
8bd5adbc492a3f6b58bc267e3d7b629a,1,credit_card,6,656.28
8befaf65a7c79c72beaa0c462764fe80,1,credit_card,5,261.26
8c2dcced50630a30880ba762b1d10071,1,credit_card,4,613.18
8c5e69764e039bbeb6a227d7604ad0b0,1,voucher,2,260.08
8c5e69764e039bbeb6a227d7604ad0b0,2,credit_card,2,265.67
8ccd1747f569c16c845c2ace52df2276,1,credit_card,6,470.41
8cfc0e814f38c0433e84255fe6c0a580,1,credit_card,4,772.51
8d87cc24c9304caf62ce6f045324e35c,1,voucher,4,356.73
8d8b4ba231a059b2b82b5b65a0231754,1,voucher,3,418.05
8d9e8b41af59437b21aa8aca6e968264,1,credit_card,2,547.35
8dc2c276f4ba2dcc464aa3bb21465df4,1,credit_card,6,470.32
8e3e526f858a1880b053886872bd2ef0,1,credit_card,2,789.87
8e3e70b171cf7d8bf0558dc6302947cf,1,credit_card,4,424.5
8e64e09fa718c6b57ab16f708d6048d3,1,credit_card,1,406.83
8ecb44fec64ef1168963a08ae4804a7b,1,credit_card,5,578.93
8ef66c1f33dc74332fba62c537a1de5c,1,credit_card,4,1103.66
8faa3ebfd4f25d35c1ecd5ad7b820178,1,credit_card,2,705.61
8fe7e4a8649707ad2fc369875faa4e88,1,boleto,4,798.29
8ffd65f73add3725e146a028377d86c6,1,credit_card,6,999.49
905c11c9e791da1f2c809d6aad8ed41e,1,credit_card,2,626.37
907d3fa0bf4c6e75d4b7b6469311ab5a,1,credit_card,3,527.62
90d17a36eeced4ab00ce8f09c1324c12,1,credit_card,2,314.74
91214bf06d2e8f700c2a7bfc3476dd07,1,credit_card,3,449.28
91537c102870a599b53450f0c6c379eb,1,credit_card,3,407.23
91537c102870a599b53450f0c6c379eb,2,credit_card,3,409.24
9158ee39add456221b89419c9ae69308,1,credit_card,3,299.74
9187519b4c9231e92cc8aa77665e7549,1,credit_card,3,726.41
9245ba7af9853b2f3c0999ea833b0295,1,credit_card,5,487.03
92524e1069a740b082ab6b1018537000,1,credit_card,3,939.48
93111fd0346a84f6a734466026bcdc42,1,credit_card,4,626.76
935b4a246032fb7618c1866390357463,1,boleto,5,287.06
9376cbca78bec085cc79054b814983d5,1,credit_card,3,261.86
9379cac3f9ca9c1a2e061c202953e3da,1,credit_card,5,413.54
939a70668e754153d1d8077d79fcd89c,1,boleto,1,644.25
939adf86ce9f4544561385e42d2a2d37,1,credit_card,1,407.07
9401df04b7f51b7712750a4db408b09a,1,credit_card,6,489.04
9401df04b7f51b7712750a4db408b09a,2,credit_card,6,486.4
9457ba4507fb181116a1a14cf837f00d,1,credit_card,3,1087.55
94807a648ad0fb710102ff806af1b7ba,1,debit_card,4,562.31
948a4f69f9b3c56429026ccdfc4f66f8,1,credit_card,1,383.11
949c4cbf3789ef6309b2b7c488d8cd5b,1,credit_card,6,633.55
949c4cbf3789ef6309b2b7c488d8cd5b,2,credit_card,6,625.62
94b90b8840bfcd000b1fd92cecfe3049,1,credit_card,3,1192.51
9507ba3b72386762fcb27f6f8db65b62,1,credit_card,2,650.07
9520296fc3e834da7eb10192e2694c37,1,credit_card,6,689.79
952eec998770589c7fbe6ce5b2d7023c,1,credit_card,5,43.59
952eec998770589c7fbe6ce5b2d7023c,2,credit_card,5,48.04
953aa707768a59951d330df4b32de0b6,1,credit_card,5,400.93
953aa707768a59951d330df4b32de0b6,2,credit_card,5,402.31
95501c0ae0bfa209340672121aacd9ad,1,credit_card,4,710.66
957b0a62a45da424708502b3f901b81c,1,credit_card,6,232.13
95c34435a635db4b387b7081cbb1b375,1,credit_card,5,540.24
95f850a91b9cfede469a207c8ab4de11,1,voucher,3,602.38
960846b289893ae4ebbb9c7ed21e560c,1,credit_card,4,301.78
96157d782764f96f65dac52061670920,1,boleto,3,604.81
9641a64868f6d87691f1b50b99ac4477,1,credit_card,5,60.93
97652dca956866573b1213cb853cc24b,1,credit_card,5,539.35
97b4f632d1f71692908514c420de3c07,1,credit_card,3,255.01
984c3ddb57c66b38d55cfeb9155673f9,1,credit_card,6,262.05
988eee1197693b65658ffbc6daab9def,1,credit_card,5,378.6
98af1ab64797a6e3590f15c06b949c13,1,credit_card,1,672.77
99040c4915cbe50dc3ffe2a9e0e4ae57,1,boleto,2,829.38
9a2f865f38c8ce10f738f143099f00db,1,credit_card,2,712.26
9a56ba70b5800d0980a20bcd5f564c9b,1,boleto,1,406.73
9afccab206eb8ac67f77dd983859e082,1,boleto,6,1315.92
9bd96ab5298010573c5e15713a198230,1,boleto,1,167.52
9c1f6d96b26f99cad3ab3af416617cb4,1,credit_card,6,49.27
9c7a63cac07364dbbd876b5f50a42db0,1,credit_card,6,1057.2
9c94e6e9fcef0f58e1a3e76189f2ceac,1,credit_card,1,195.96
9d00e6001fdab15119344c982130b8a3,1,credit_card,6,1049.33
9d0c5ca20c0685c01dba122e6131375a,1,credit_card,4,562.12
9d76b3dab043800fc91d052147dce9c5,1,credit_card,5,382.74
9daf23389d8bfbae285e707a1aedc5cd,1,credit_card,1,350.22
9e0ecf29af61ccf446f74852e8e0aaff,1,boleto,2,742.11
9e1cdd56c67e9546079c741ed7c2230b,1,credit_card,1,716.49
9e88c57a8ccf7f3973a83660797cefcc,1,debit_card,5,720.54
9ea3f5b6fee456784704ca3bd5cc6d4d,1,credit_card,5,558.7
9ec17e29e755e6243db4c8fbbd7c7850,1,boleto,2,191.22
9f385f78dcf23d909f847a71b619aeae,1,credit_card,4,96.11
9f385f78dcf23d909f847a71b619aeae,2,credit_card,4,97.49
9fc2f09db36e668b43d444f6647084b8,1,credit_card,3,673.8
9fee97ac5e73c7015a1fa3cbd0f658bd,1,credit_card,2,202.04
9fee97ac5e73c7015a1fa3cbd0f658bd,2,credit_card,2,202.65
9ffb5bf3250b0e6aac584a26941bcca0,1,credit_card,2,572.67
a013d4b03c42f9bc448169591a2d643f,1,credit_card,2,290.49
a04e86a2bcc4508dc79bf5d6403a57b8,1,boleto,4,717.06
a073adb6535c22a0dbf4f3a1c1e59d64,1,credit_card,3,61.81
a08a36623657a576b2941cedb3b70c48,1,credit_card,5,746.57
a0d183328ba0d850d25d381e02457f15,1,credit_card,2,1138.05
a0f40fb1bd9c561b99bdf11e8b7e61b7,1,boleto,2,253.46
a13475e1d9ecd759ad3bd0ce504b7684,1,credit_card,1,673.99
a19ea70ee11b8ad3592157b60c6e7a0e,1,credit_card,2,423.09
a1aef0d57c3ef5b204084188e6407750,1,credit_card,5,948.42
a21dad6b4dc75c23f3b2fe8ac4f5fd9b,1,credit_card,4,504.87
a2295bc757931a260b62f5d745cf925b,1,voucher,6,976.07
a23421e07c17793b7dadb3f2082e48ab,1,credit_card,3,429.32
a2ba476f6af264bc36e192f7643d05ad,1,credit_card,6,1029.32
a30fedb72ba73e838c0a52fb98f6167a,1,boleto,2,1037.03
a3286a8efa6e885b15da1689403e34a5,1,credit_card,4,243.97
a3443acdd91bc36343aaac248dbe12e2,1,credit_card,2,544.84
a36c9ee4e802124f448e35c5cfd995e6,1,credit_card,1,369.71
a37809b2bc890f7decf7914d987b7f16,1,credit_card,3,251.34
a3aa083923b50e695f5cb3cfea6375a5,1,credit_card,1,604.31
a4fa726febfba0732f6285609ab61759,1,debit_card,2,285.07
a5005dbab80855737457282f045cbe43,1,credit_card,5,1061.12
a572810fffb08e764e50a8a500e8a69c,1,credit_card,2,523.94
a572810fffb08e764e50a8a500e8a69c,2,credit_card,2,525.84
a5ba1fd8a40bdc9243936f486f71868b,1,credit_card,4,928.68
a5df5004071be9e694c56d6b4f4cb292,1,boleto,4,1022.09
a61e8a7f8f7de9dfef647237daec56d4,1,credit_card,3,467.37
a742963612c42bbbb259b044814a2aeb,1,credit_card,5,515.45
a7ceb7c2c56a3f02c6fe5258be750fcb,1,credit_card,5,1482.23
a84b61e343021060acabc05b3fe177ef,1,credit_card,6,397.95
a84b61e343021060acabc05b3fe177ef,2,credit_card,6,392.28
a8a9cb4f4adc13b7097603833652eda0,1,credit_card,3,776.89
a8cc86b06201c9fe03c9c89a98212bfc,1,boleto,4,564.81
a970a23b7b33031f315abcb211f7e274,1,boleto,2,376.0
a98e0a551db26e76b93f10dcf32c6ace,1,credit_card,1,487.39
a99d391854dc8385fe22cb06e1992e7c,1,credit_card,3,27.74
a99d391854dc8385fe22cb06e1992e7c,2,voucher,3,32.13
a9e241efc325cb667b26dbaf06548a81,1,credit_card,5,473.6
a9e68b74a755672b7ff0691e2b5d65d4,1,credit_card,6,114.65
a9e68b74a755672b7ff0691e2b5d65d4,2,credit_card,6,115.26
aa05d65d22b147c7791b4044e8ba3e5e,1,debit_card,1,534.05
aa38fc30918eaaf321db15b89c073467,1,boleto,1,654.15
aa4081721962d250d3a7a69b0019fbf6,1,credit_card,2,205.57
aa4081721962d250d3a7a69b0019fbf6,2,credit_card,2,212.16
aa5f8ec78426554990622b37789fe3a9,1,credit_card,3,798.27
aa809edc7ad7ea65a0ae21ecf187f794,1,credit_card,3,482.72
aad2f66d9f3ae3ec7c1a84a71375dfca,1,credit_card,5,887.04
ab0ed9c97a5068de0fbf157a2a5a5535,1,credit_card,4,469.99
aba4f677569fbd49e7fb41397fa1fa7d,1,credit_card,4,806.58
abcfcc601c1a06853088f702eeeb88f2,1,credit_card,1,100.18
abd52d12bf6c7d14d3f1086f06cc94d0,1,credit_card,1,98.96
abd52d12bf6c7d14d3f1086f06cc94d0,2,credit_card,1,100.54
ac031e9c54d03401ba7879f14864e820,1,credit_card,6,174.18
ac35a3ab93a88ff792e6c7e9b5c9b59d,1,credit_card,1,71.82
ac35a3ab93a88ff792e6c7e9b5c9b59d,2,credit_card,1,68.61
acba4844d3796b5579d68342189459f2,1,boleto,2,183.28
acdd5fa028959a74186919ed27600209,1,credit_card,5,1069.6
ad5395dfb4c56a9ba2461c34fcd1e37c,1,credit_card,4,530.85
ada32e1f72a628484eef720cbba0604b,1,credit_card,6,528.19
adb01f69046685b46d6b06d42aef2777,1,credit_card,4,201.83
adb5eec4b92af361b7d3f3946e47be3b,1,credit_card,4,953.71
ade325d87b26214a98bbfddeba968f55,1,boleto,5,309.47
af5b1f9bea10bd10bd7a04f169d3c7b2,1,credit_card,5,260.15
af7aa95fecd60b4db05a1c62b4aaca0f,1,credit_card,3,483.04
af8db708ea52e2cb80fc6999a6085b3f,1,voucher,5,273.95
afd25ddf53edeacbc95056beb675121b,1,credit_card,2,624.59
afe1b7eaa72c88355a8294a5b56f5511,1,credit_card,6,1273.43
aff73825f76158b23c85f0fb924a27fd,1,credit_card,1,713.04
b008dcdb05e4b315bc766e1b899339ba,1,credit_card,6,248.33
b008dcdb05e4b315bc766e1b899339ba,2,credit_card,6,250.04
b0cd48d58c51fac802542c5f6ff5c7df,1,credit_card,1,389.83
b1414e2f4570aa3beb54eb93a71ed8ce,1,credit_card,2,273.41
b1414e2f4570aa3beb54eb93a71ed8ce,2,credit_card,2,279.82
b14fe37ad6230d1466b910c96be9e2d1,1,credit_card,1,1170.94
b153a0001e7119c3b7f2581935095ea0,1,debit_card,1,903.21
b19c82c92d2fe1c28da2dd81d665050b,1,boleto,1,309.64
b19f6a09db05baeddf53d7adfd04208a,1,credit_card,6,196.52
b1bb0d614bd712cadb66f403a4aab693,1,credit_card,2,1015.93
b200eb836d0a52383be826c2cc0786dc,1,credit_card,6,597.19
b216cbc9cf8bed77751871c91f37a247,1,credit_card,3,598.44
b23ca82851f769de0d0aedd90c9dbdd3,1,credit_card,4,430.67
b26b67a945cfc4cb5c4f598631dfe0a4,1,credit_card,4,80.92
b2851e2b5c38c97a536f5a5867728413,1,credit_card,6,543.64
b2c441b1a0c498839c001a2e763e13aa,1,credit_card,6,875.08
b2ec91d372e008e8a74704878ecee032,1,credit_card,5,720.88
b2fbc7ebe8dd1286274c69006dc9df62,1,credit_card,6,46.05
b38a6cd5f2274a5b9710169d729590d2,1,credit_card,1,401.98
b3acd0fb7cd27438e2d7d5b3aa40d9ae,1,credit_card,1,644.67
b3c51acdf20d81d38aec4b245249232b,1,boleto,1,32.33
b3c51acdf20d81d38aec4b245249232b,2,credit_card,1,35.9
b40583f4470e123a506f1a6e810ae770,1,credit_card,4,283.46
b45868487128ea4b9823491233dd8de1,1,credit_card,5,983.02
b4988655d1e2da22fe8860ed96e9c282,1,credit_card,3,694.97
b4b6b5a35618c03f0ddab5a6215efdb1,1,credit_card,2,518.68
b4e3997ca5334979d71cbc4497b85861,1,credit_card,4,103.76
b4f8048a173d4d4416c07a7789111029,1,credit_card,1,1177.31
b53bf704a3752e5fa5516397420c5e4d,1,credit_card,3,1147.84
b5b986d3ae3f51622f0d9613e51b53a0,1,credit_card,4,413.43
b5d3e451f73c4d801f6234c6a12bec3c,1,credit_card,1,487.71
b5fce3b0c3e3856771cd4bd440b4c503,1,credit_card,2,529.33
b60f68cd8046c5da2a251cd82db4dfe2,1,credit_card,4,429.59
b60f68cd8046c5da2a251cd82db4dfe2,2,credit_card,4,429.06
b68c4f311c81dda4f51b2a7904050bcc,1,debit_card,4,277.99
b6e406cc2386925045d95fdaecf9eedd,1,credit_card,2,543.78
b6e406cc2386925045d95fdaecf9eedd,2,credit_card,2,537.6
b758b530ec346e3678af383adf449e06,1,credit_card,3,260.3
b778a7800b2f8ca1be3cf728ac6d621d,1,credit_card,5,99.23
b7ce0ad69afc12272815c23828487d85,1,credit_card,4,417.68
b84e5013ad8d7cc2be36664ceb82fbc2,1,credit_card,6,763.65
b8c516de19126f72d1980dfb06300ca8,1,credit_card,2,620.84
b8f10ba3fe45289a4413c81acb257e3d,1,credit_card,2,277.96
b903cd777db358ee42eb01683a85364c,1,credit_card,1,598.8
b90cb968583a5ac174dfa7f3fa1a7f1e,1,debit_card,3,191.62
b9440098c1ea157e046f1dc7e5d4124f,1,credit_card,4,911.5
ba13bb2bf571a0cc358871bc54d4815c,1,credit_card,5,390.89
ba4746fb52eb3a18c857d135ad5a9a07,1,credit_card,3,1352.15
baa0108f2b4a7fb3ddcf44bd2bae3bcc,1,credit_card,2,108.2
bad60447fef457df0ffbb5f44acbe5c2,1,boleto,1,469.32
bad6436e0e3346836aa06be1e226deac,1,boleto,1,426.38
bb14105d8ddf44f2b4906f461f83e8b6,1,debit_card,5,580.25
bb38a23767de73174576ae6f7509ee9d,1,credit_card,1,178.17
bb38a23767de73174576ae6f7509ee9d,2,boleto,1,168.83
bc1063065fce509913289adafec8601e,1,credit_card,1,552.64
bc1993e81d3dbae08fb13d7673a26cb6,1,credit_card,4,736.01
bcd742f4eaefeea6c4921675ba0f1ed1,1,credit_card,6,1269.86
bd571e63fa243d6b2dadaeb32d061025,1,boleto,4,713.14
bd6f30b17d9e014f3e711bb97a6c1a6e,1,credit_card,1,880.98
bd7fa2b7592cbaf890f2b10a2c02c925,1,boleto,4,568.55
bd98b9323928e80a75fc8c47b6502b63,1,boleto,6,240.79
bd98b9323928e80a75fc8c47b6502b63,2,credit_card,6,239.77
bdb5672006eeeb1f349cb525163324b9,1,credit_card,5,867.27
bdc8e277e0fcffccddcc043881787bf3,1,credit_card,1,493.16
bde0db7568aae5a72f129097dae2daa4,1,credit_card,3,780.61
be2bb7dadc713de403f6a267e40af4e5,1,credit_card,2,274.1
be75d2dfa98d61ec036929f0f3669e62,1,credit_card,4,169.49
be8a6cec3c18867ae951f93e247aa925,1,credit_card,1,328.2
be8a6cec3c18867ae951f93e247aa925,2,credit_card,1,322.89
be95ec85dd01538bc588079ec9b1488c,1,debit_card,6,925.48
bedc3368f710f029c182d61721aff3fa,1,credit_card,3,1188.67
bfbf42425ccbda41423d727e95d0ad33,1,boleto,1,509.24
bfd670742180464bcaab9201ce548c19,1,boleto,1,709.91
c0037f2a2a5ad9b33256a769eb4bc4e8,1,credit_card,2,810.37
c055593fc3ad25e7e424cf55e8bb397e,1,debit_card,5,564.15
c092b84d43b1bd554b2913d87e727f5b,1,credit_card,6,613.89
c0eada5f0071e17f912a57205ce2d17a,1,credit_card,6,371.66
c1a11a24e7b503ca769438c2f3ba3b12,1,credit_card,5,106.52
c1a11a24e7b503ca769438c2f3ba3b12,2,credit_card,5,101.35
c1e43e3f2f74a43b2b576e7a4b4d774a,1,credit_card,2,100.68
c22d6376f2157fbcbc41c041fa609091,1,credit_card,5,603.31
c2459b113ceddf55c4c63c203d8d4bf9,1,boleto,5,540.98
c2606014a3d9ebe241067857ed215de4,1,credit_card,5,825.19
c297201691c167ea5b8b74ee92531f50,1,credit_card,3,998.87
c2cd390cd1d01314f423f721f91d86c6,1,credit_card,6,394.3
c2cd390cd1d01314f423f721f91d86c6,2,credit_card,6,390.79
c2ea731e24c82a7731d4a4c1b64f9fc6,1,boleto,5,1044.19
c31be8d44640b9aaf1cf4f904c960629,1,credit_card,6,606.95
c38767d0add8fedecd039f884aa0133b,1,credit_card,3,495.68
c3c3744f7dcf55fdf8d57cf707af9d11,1,credit_card,6,278.3
c3c3744f7dcf55fdf8d57cf707af9d11,2,credit_card,6,277.89
c436cd70c9baaa98ae66708ed720a24b,1,credit_card,3,268.7
c436cd70c9baaa98ae66708ed720a24b,2,credit_card,3,272.26
c44804d7cd8f6dd209de59ec6117f747,1,credit_card,1,472.08
c4a44c4c61545513d6218fd510a42f52,1,boleto,5,404.99
c53a95f9ec6998a983c9bb85a19bc434,1,credit_card,5,436.08
c598532e6abeb33ede6bd30e000d9171,1,boleto,6,483.28
c5a2cd9628a7cbb092caea7c87b20fae,1,credit_card,1,468.51
c66f6c5deb6f25f67ec92d5cfe6498ed,1,credit_card,6,522.58
c68fe2840640a6371d35bf662938bd96,1,debit_card,6,941.54
c6e13e4f2907af8ed5402c1e967562f2,1,credit_card,3,582.31
c706ec54f3516688d5d3b434b3f58626,1,credit_card,2,717.32
c73a3b2ba7bd2b4843f66c90086bbb3d,1,boleto,2,84.45
c7b75b3d7749996895cf57791eac453e,1,credit_card,4,937.29
c8191674d7b762c9143699ea6f599cb1,1,credit_card,2,1072.62
c87f16165e95e1bba4205a4d7f08d0c3,1,boleto,1,335.93
c8e3f9a4bc70fc7aa7cd738542118128,1,credit_card,4,296.36
c8e978d3925d96066014d17941a8d9e6,1,credit_card,4,418.27
c900d589d5af0103b0f8bbe5fb5abac9,1,credit_card,3,499.69
c94adab72f78615ab718e53a2d8f50cb,1,credit_card,3,970.2
c96d6320a3c8f660a9b5a5cdd9704d33,1,credit_card,4,54.42
c96d6320a3c8f660a9b5a5cdd9704d33,2,credit_card,4,49.4
c9c2d7a6463c88701084a20aba0b74f1,1,credit_card,1,844.38
c9f7874693c1e791f194325e13e3096a,1,credit_card,6,235.84
ca21011dc76f97e7b06864a6699ee1d6,1,credit_card,6,330.25
ca7253eec64b04cef7a631451a47ed04,1,credit_card,2,545.64
cabdbd919b69955d9c3dc63239e11b9e,1,boleto,2,402.78
cac329e2eac55efde4765e83f3394195,1,voucher,6,434.81
cb0306418ad9050fc4ada5058e720044,1,credit_card,3,77.28
cb9e8442b6b8de26074dc6766a1921f4,1,credit_card,2,952.37
cbbff92f9fecacae586b61a4df3ad881,1,credit_card,2,194.06
cbbff92f9fecacae586b61a4df3ad881,2,credit_card,2,193.53
cbc4d01270c1d56f4e7a333d6435d5b7,1,credit_card,1,614.65
cbcf12cf70430fdc4ce22a0539c2beb9,1,boleto,6,202.07
cbcf12cf70430fdc4ce22a0539c2beb9,2,credit_card,6,208.95
cbd50b2538a634646bff6603d27d9719,1,credit_card,5,33.31
cbf23fa7e8154bd7c14c39eeaf666027,1,credit_card,6,650.87
cbff1464bf2e1957dfddb1157311b135,1,voucher,3,393.21
cc16851d2f33c81c26330c0fe8fdf0e8,1,boleto,2,738.88
cd4665b9c9f711a1e4e37402f74dbfc6,1,credit_card,5,805.58
cd79d58a62e8ea1323bca7474cf7b4fa,1,credit_card,5,64.03
cda7659a2c31e63f13ed11bb69047064,1,debit_card,6,665.24
cdc9139e47496de5bb6cef4f3cfaaea3,1,credit_card,1,370.16
ce1c19b5e1bff4762edfb60b6944db85,1,credit_card,6,449.56
cea8293f9f4c29adfa566bcc15d026eb,1,credit_card,1,497.3
cea8293f9f4c29adfa566bcc15d026eb,2,credit_card,1,490.12
cec1e7ceaf432d2e631c247fe039bc50,1,credit_card,6,73.68
cfa9c081adad55013738b0e8ad8027cb,1,credit_card,6,934.61
d02ff5708c2a066779a49a25c73696fb,1,credit_card,5,326.13
d02ff5708c2a066779a49a25c73696fb,2,credit_card,5,322.65
d03d1ccbec0126c7ec44a21d92ac273a,1,credit_card,5,199.25
d03f712313a56077a1f5319af259d913,1,credit_card,6,826.72
d06bfca950dfbb3278686ff9403ff5af,1,credit_card,2,125.41
d06bfca950dfbb3278686ff9403ff5af,2,credit_card,2,122.4
d1586ca9a74f99dde25900dc34922e7c,1,credit_card,5,759.71
d17cc1e97c042df90ca824101caf3a17,1,credit_card,5,204.52
d17cc1e97c042df90ca824101caf3a17,2,credit_card,5,198.57
d1b3fe13aabcac079aa89a5b08c301aa,1,credit_card,3,321.83
d1b4c7f7982b8eb4734fb9b2d1de736a,1,credit_card,2,482.13
d1b4c7f7982b8eb4734fb9b2d1de736a,2,credit_card,2,485.52
d1db0cf515311f9efd6d26ccb4ecf96d,1,boleto,3,278.87
d218b4c5ec9bf4876ad33329855905ba,1,credit_card,2,734.15
d239d184518288e340e533e863ad0f9c,1,credit_card,6,74.26
d239d184518288e340e533e863ad0f9c,2,credit_card,6,65.95
d3283d623cd457bbf82a5b5616f58235,1,credit_card,6,702.82
d3770f9b26affc02fafb9a6d1e671bf6,1,credit_card,6,691.75
d388f59bc95c9b5790b2c73ba078d16d,1,credit_card,2,512.73
d38a398c442793b6a231b672f75f3340,1,credit_card,1,325.01
d3abeae25afd881c43963be00399fdfa,1,credit_card,4,369.46
d3c3951bf405992deb63cff3cd88f45e,1,credit_card,1,865.39
d4a73a817aff237b209b5b66b03aadcc,1,credit_card,5,437.13
d4fe44e9b7572e07c421d699fd5d44b5,1,credit_card,6,1179.71
d5243640503c6b48f97a3405dc0a6294,1,credit_card,6,686.0
d5325175c864b3aed3815de474f7d96f,1,credit_card,4,417.59
d5325175c864b3aed3815de474f7d96f,2,voucher,4,412.61
d55f2300c6ea3bc2166891242d35e529,1,debit_card,1,742.5
d56e9cbacfb04401f657b76ace5732a7,1,credit_card,2,325.35
d571650acd34e10a792b28f6c3cb73a1,1,credit_card,5,372.93
d5a0a014cf5800040b4596c4fc550f89,1,credit_card,5,864.83
d5da96e101e8644d3917b544423940ed,1,credit_card,1,118.3
d5df531da031b1353924719600fe2706,1,credit_card,5,729.85
d6270f8b9b182ec62a0a550350de1716,1,credit_card,3,224.93
d64037a15cdca321da51f5021f20fde2,1,debit_card,5,150.01
d68f2a16f60ced8e1e70b22a6808172a,1,credit_card,2,744.89
d6d16edc2fd6819601b12e041fd08c28,1,credit_card,6,1254.03
d6fc6a3fb26d3110821117995e451a90,1,credit_card,2,137.59
d6fc6a3fb26d3110821117995e451a90,2,credit_card,2,137.44
d70492f3eb4ccbcbd1b17d0af431e8dc,1,credit_card,5,252.12
d75b5d73dc36daf81adbc5ecfffc96c0,1,credit_card,2,980.32
d7a253d23a1af2da8dd41e491bd07270,1,credit_card,4,495.53
d7a4d68bb70a73a3aef615e4b68fd688,1,credit_card,2,410.13
d7c8665ed62d36ca5dc6f461949a3839,1,credit_card,2,182.34
d827069229ad6ae960826023da09d59c,1,credit_card,6,265.98
d84c5521858ced9eda7439103471a43b,1,boleto,6,469.33
d85c66bbf43c7b33a374e1eb0409e458,1,credit_card,5,427.0
d8681ba38cd113f784e9e0cadd9dd795,1,credit_card,5,567.17
d880b4fbae284b0108f1a77c3c497e0a,1,credit_card,6,357.64
d8838e688dbfa090ecb64000a4b19018,1,boleto,2,320.07
d8b42e953d3051493b1be1975afc6659,1,credit_card,6,1198.82
d96859d3a79e6a3f9532e7c2526e51c2,1,debit_card,5,716.79
d9c2d50f810943073ca592aa8d863267,1,credit_card,1,418.03
d9c2d50f810943073ca592aa8d863267,2,boleto,1,422.88
da252a2f56dbb7f6fa8c8c86bb13994a,1,credit_card,5,305.03
da4eee90fe4b0d29c1930ae01567c8bb,1,credit_card,3,951.7
da514ca21bd3f7dbd00380ac6bccf30c,1,credit_card,2,547.7
da5c9f47462d9bd06206295851d06276,1,credit_card,3,357.48
da690afedd73e1441af7aa6e556921f8,1,boleto,6,116.45
da6920d025c536169fdd2a40962ae173,1,credit_card,6,770.87
dac220dff103c54644cbbb1eef51495f,1,debit_card,3,831.94
dae69d35c4790d58340780d65f0f0ece,1,credit_card,4,658.25
db39f1a8af4d0745ae77e1eedbcd813c,1,credit_card,2,1135.37
db86b0020a7df19c429a5603159c9bf1,1,debit_card,6,489.41
db9313c72a8298ad62cf2e5fa0253976,1,credit_card,4,1200.25
dbb97576eeb923579a98d667b1534a10,1,credit_card,4,264.75
dbb97576eeb923579a98d667b1534a10,2,credit_card,4,263.02
dc6ac2cf6d01a12cc6eec89729d9063d,1,credit_card,1,341.9
dcb84c8f6d0ddf22e4a4c2d164b80f71,1,credit_card,6,574.8
dcb9abf88d530053434d2cd02f7573b9,1,credit_card,1,305.33
dddb0dfa91f78e699737f9602324a086,1,voucher,4,486.72
dddfb2f593ae38c31ef66de7ae6771fc,1,credit_card,3,502.45
de11d40585852426546747f31798a7ea,1,credit_card,2,18.63
de11d40585852426546747f31798a7ea,2,credit_card,2,22.86
de1cebe7f7e8e68deef879f16c6af417,1,credit_card,6,493.88
de433645fdf3bbb2b02fb7c9499dcc73,1,credit_card,6,431.43
ded71dea41000688ff3bc9fc40b5a6b9,1,credit_card,3,211.1
df491f0c7f4f54d584467b1be7547b3d,1,credit_card,4,488.98
df5a2205b5d3ceff905897d248058ef3,1,credit_card,2,496.95
df7b27f9c91f1067c13a4f8f9cfe5d1e,1,credit_card,2,177.88
df9ecd1a596206008b24054b1d4c9db6,1,credit_card,5,293.05
dfb1070d238d595d1a92f72035839951,1,voucher,6,247.75
dfb321a21d4a1dea001ba3c521a4a6ea,1,credit_card,4,80.95
dff553f1a9c1aad561dbd6a2ccc28499,1,credit_card,4,66.16
dff74a8b9d8afa47bcbc5b5a28df07b0,1,credit_card,5,596.84
e031b6471af30341a963e91d60339193,1,credit_card,4,637.07
e04843cf97f6b411c0cd779bb31f5b40,1,credit_card,1,479.05
e122f542643cb04e5ba349a62c470f2a,1,credit_card,3,1040.08
e1a4ceaea10fc1092a0e3888ef1222f8,1,credit_card,6,659.73
e1c304985715b9abceb27792512b4632,1,boleto,6,984.49
e2084adac91870d81004e3141b1fba93,1,credit_card,2,639.92
e2125d8479a175227ce99cf52c64df90,1,credit_card,5,967.04
e27aa0af460bf3b954b98d40a8a99c3a,1,credit_card,1,455.14
e2a766096a1be43a65c25fc1ebe879ab,1,credit_card,5,340.36
e2a766096a1be43a65c25fc1ebe879ab,2,credit_card,5,346.43
e2c755e578f238d324ad2118acbbe6ef,1,credit_card,4,436.58
e33bd61d4377789b4531fe8b74ee39f0,1,boleto,3,1020.03
e3ceb35b786d70dd0b66e9a0eb6f695d,1,boleto,3,825.76
e3f2f23c5356cfc8fcdca4e20c3b813a,1,voucher,1,623.81
e3fca584f94efd6dfd132537ad5f5b2e,1,credit_card,1,268.83
e4b8207669af840011d26a373de1f92b,1,credit_card,5,329.23
e4dc03fe58b387d9e98b4ba581d87d38,1,credit_card,6,776.79
e54b774e94906c009de682b7cc79cd8e,1,credit_card,5,194.86
e57b58df07b9ed15a52f580d66990b0c,1,credit_card,2,528.98
e5b1e39632ee85912fa69de8ce9889da,1,boleto,3,149.95
e5cdee7992273e2bda03294f193c8434,1,credit_card,4,196.2
e62c21b5861b021178e0a7652378912d,1,boleto,2,161.05
e6e080afe89ca4fc28213b0f83cd19b8,1,credit_card,3,644.48
e74d7301c5e47f25f9c743de499e80f3,1,credit_card,6,337.94
e752c4d6cf191573b285a0a5a5e45806,1,credit_card,4,913.1
e75461b0d82236d7302f21cdda79f12c,1,credit_card,2,592.98
e7a2dfeb058a9d5f5e89ccd8ce455bfb,1,credit_card,3,407.74
e8024f4496c51ef6c22ed0f7a5405362,1,credit_card,4,155.37
e80b5d06d99e07b893124275450e6757,1,credit_card,2,556.79
e8179c3663af42136d9403a9ba9f0355,1,credit_card,1,548.95
e81aa7899ce99074cedab028c49745f1,1,credit_card,2,849.95
e825b7784b6ff3067cf692997eee2049,1,boleto,4,433.3
e83e34ff90149609653ab31a3779f9cb,1,boleto,6,224.39
e88afc924f57cc635874f523b8f2bfd2,1,credit_card,5,810.43
e899877454741419fb9b3febf6b5ff94,1,debit_card,2,252.03
e8aef90ff0a50b5690b2dae99963fd23,1,credit_card,6,588.37
e8b6ec5766197ad52ea4486799072b74,1,credit_card,1,950.21
e99f5b392bf781e1650f96266652d84f,1,boleto,1,857.22
e9a877351058f75eecff219cc5108c9b,1,credit_card,6,285.34
e9b056d4191e52f10ec2f2e96fdfa128,1,credit_card,3,487.94
e9eb23ec6e21727aefb834f4886a0c68,1,credit_card,2,522.87
e9fba6d6e8df611f80309aaf67c083c3,1,credit_card,4,458.3
ea2f95dc5db46c615ef063fee2e7f46d,1,credit_card,3,443.91
ea3236eb3170303a33acae1064d268dd,1,boleto,2,850.54
ea4c0b027b795d2e0dc8e99fa32da37f,1,boleto,1,876.61
ea5bb266da27ef9dc3d6d4214c7f1dbf,1,credit_card,4,204.15
ea952ba520b11ac7c1493608be0a4f5c,1,credit_card,2,468.24
eadbd9ee200a20360a6660e9e3c5c04f,1,credit_card,6,513.58
eae6b8e988ba6c11fd799e2d2315720b,1,credit_card,1,201.91
eb570f60ac8d2ec52d875e5ea4f6ad76,1,credit_card,4,1001.11
eb59e9c43bd26a78badde8e01c9bb7d3,1,boleto,4,588.23
eb9d6d231db5f5bdc67d810f9d4e9c41,1,boleto,1,619.9
ec2cc870a0b99477aa28f6ff9746ef97,1,credit_card,1,434.81
ec2e0d882b8b9db06ca58730052a6cea,1,credit_card,2,167.59
ec95bd011eac952a05e06745eac717c5,1,boleto,4,81.53
ec9ce68f3c245155d8311a0b8b864e1f,1,credit_card,1,589.24
ed28ee8eae3d6b8aefecc2738f1f3ac3,1,credit_card,6,354.9
edace001258adc390eed6928aeabe7ac,1,credit_card,4,339.38
edaf6192dd23c0789ddbee5bb4fef9d1,1,credit_card,4,593.69
edb42f91d774c151750ea612aab461eb,1,credit_card,5,718.85
edec061381ae7326d3a6be4b2a0c8b6a,1,credit_card,1,216.04
ee20fcfaf2ffc15eff230c789c13b2c6,1,credit_card,5,344.58
ee20fcfaf2ffc15eff230c789c13b2c6,2,credit_card,5,348.63
ee211e408f95a524b62d765c3fc4c005,1,credit_card,3,100.93
ee33287567f13e6547b1182bfddffa89,1,credit_card,5,767.53
ee41c076df35d4563fc6bf8cfa2b7458,1,credit_card,3,812.11
ee4260e7d241d3c2fbdd4f54664c23da,1,credit_card,4,225.16
ee4260e7d241d3c2fbdd4f54664c23da,2,credit_card,4,224.75
ef7f8ddbff3aeed5fb2a9cb715b0a7eb,1,credit_card,2,1053.59
f0247b074ecc9b7e72f5aeaf08065f10,1,credit_card,4,538.08
f081e79cdf40e44fc59733a496b5f3f7,1,credit_card,1,351.32
f0aefb57f6e272461f99f4084640d671,1,boleto,4,448.69
f0bf8cb0ef1dd7bce9599459be112efb,1,credit_card,5,429.64
f0f16c6ff8551c859ef2e5c10460bcbb,1,debit_card,2,1161.38
f0fbe4ce2d2af490e376365b1d95a464,1,credit_card,4,204.86
f0fbe4ce2d2af490e376365b1d95a464,2,credit_card,4,206.54
f12c4d5d99e756dc7f0af5df71a1c437,1,credit_card,6,429.85
f1acfc3bc7f74ca168fdf9e0ceaf2c3b,1,credit_card,2,323.4
f1f22c2aafa482e33784fa1874e85804,1,boleto,2,707.56
f20e03300834b631089cf11c0fd6cad2,1,boleto,5,786.39
f22aec4614667334a17ca2a5439fb3e4,1,credit_card,3,394.99
f234e0b455eb65514eabbb971d9a1247,1,voucher,1,293.49
f23a767c5d0c9fcf379564f20975e768,1,credit_card,3,409.21
f23a767c5d0c9fcf379564f20975e768,2,credit_card,3,403.55
f2b93933fc5b2462f8840effd764992b,1,credit_card,2,1060.35
f2f067c423e9df862e89d360a5557c9c,1,credit_card,5,384.52
f32a7f60613bca504f80fe062afa94da,1,credit_card,4,1085.98
f37eb51acb7ff828f3bbd2add434467a,1,credit_card,4,835.17
f4458108b9553edc66d9a277560f6cd4,1,boleto,4,323.94
f460cc1d4e6e731e1f45aa99c7b16fec,1,credit_card,5,1363.06
f4aa4b4205dc461a1155b92bcfa23f6d,1,credit_card,1,315.99
f4adb969b388bb00efbeeaa44d72701b,1,credit_card,2,480.83
f4e58cb8d8f56c2c08629243cdb19222,1,credit_card,2,682.17
f5013ee246bdc7f0bed2a8211c89bc5d,1,debit_card,3,1184.35
f51d8ba12b5828e54a46a8d839d829a4,1,credit_card,4,117.03
f51d8ba12b5828e54a46a8d839d829a4,2,credit_card,4,118.51
f563a43bf9ffe6e357154f3a8e51c8fb,1,credit_card,3,685.23
f57714077327aed7cc2f57e9ee9b6bd1,1,credit_card,4,417.0
f596747f5be682cd75c7af119fda916b,1,credit_card,5,537.22
f5f14b14c45463ee7e7db1e0694fa87d,1,credit_card,4,586.37
f612474a83d2355103210b5587cf4f02,1,debit_card,3,245.12
f6131f52aaab511ea354b9291299b9b3,1,credit_card,4,620.31
f712cca9aeb6ddb620663c9f584b65a1,1,credit_card,3,298.56
f712cca9aeb6ddb620663c9f584b65a1,2,voucher,3,292.66
f7a741dea49ebc8f00ae0b5c2b1e3b2f,1,credit_card,6,600.01
f81a2cc0310805d016abb630ee9e956e,1,voucher,5,942.42
f82e11c372fa47bd29b59b4dfe94e945,1,credit_card,6,127.12
f8577ec8da97bd373a1965ada4cabdc5,1,credit_card,2,620.8
f85eef4c1f6799f2fdd51811f80d50b2,1,credit_card,1,603.22
f8bce57e162932c45f0ddc00f3d1e785,1,credit_card,5,274.18
f90790135cf0791c07218608ea720d5e,1,voucher,4,571.04
f97328d049eb549d2cc1a48c4e201889,1,credit_card,2,710.97
f9b1b573af097792a8c6d4ffea9b8acc,1,voucher,6,185.99
fa23da197f641c4716201a3340122363,1,credit_card,2,429.96
fa23da197f641c4716201a3340122363,2,boleto,2,434.79
fa7d343fdd7690a85d53ad7d0fc30e15,1,credit_card,1,182.84
fae28af38134e28b490f8fbc0b59eb48,1,boleto,6,428.84
fae72090133af03c5624f8b8fd8d4906,1,credit_card,3,194.23
fae72090133af03c5624f8b8fd8d4906,2,credit_card,3,194.47
fb163570b6ef259143f249b073199867,1,credit_card,5,641.27
fb5342c1d1aa9b4b6b8d53cf5f62a584,1,credit_card,4,308.11
fbacb2b7f75e00e0302129f11d9338e1,1,debit_card,6,507.64
fc19151e1a0055c0d69fddbe22b2de8c,1,credit_card,1,283.12
fc49943994dbadcb27b53dd130743ea0,1,debit_card,5,1118.88
fc6a45b78f13fb5ae0011bb1e0f85b1d,1,boleto,5,144.5
fc7c5e42d37037af2b06cd6d43a0afbf,1,boleto,1,471.01
fccce0722c4e0dbe4e7c1eab541c9de0,1,credit_card,2,1143.22
fccdc9a6b02f49dc1d443ca097e0937d,1,credit_card,6,656.8
fd28155995d844fe512c4e4b70c6a1b9,1,credit_card,1,533.55
fd473f3780ceb2f056e138eb79e83734,1,credit_card,3,262.06
fd473f3780ceb2f056e138eb79e83734,2,credit_card,3,261.9
fd950419b161b6ab10cdb82a2b62de21,1,boleto,4,486.59
fdd7e31480796e30731f6d21be322598,1,debit_card,1,135.11
fdde02aacec939014ecd9bddc9bd6a9e,1,credit_card,4,1192.9
fe307846adbda2de5d2a88ead0c31f5c,1,credit_card,4,483.24
fe4b23c3ac042bde5d2759b4d942e324,1,credit_card,2,1080.64
fe632bb1437505d6878ccfaac1282eb6,1,credit_card,5,486.7
fe649f021ba12e0fa1a08e357a3bc6ba,1,credit_card,2,702.26
fe995a00b5de947df4c1b4b1022025c3,1,credit_card,3,571.95
feb5a6c13076497bb398f7e945aca212,1,credit_card,5,313.3
feffbdaa8da7d81224f5784679ddd1c9,1,voucher,3,562.55
ff1d7bde616ed89824bd52985bea445b,1,credit_card,1,901.35
ff50132fbf341e4f756b8a37379800cf,1,credit_card,4,852.3
ff724c4b44d922e86bdf7200a07097df,1,credit_card,6,527.09
ff724c4b44d922e86bdf7200a07097df,2,credit_card,6,519.17
ffbb170abe118c45d1bc0e3f450748c5,1,credit_card,1,521.49
ffe1e3a49a851446f532562686c2ce57,1,credit_card,1,30.35
ffe4cd922988b2affeb3e6c7e434a54e,1,credit_card,2,46.91
